"1011852,Maykop,""Maykop,Adygea,Russia"",21250,RU,City,Active"
"1011853,Barnaul,""Barnaul,Altai Krai,Russia"",21385,RU,City,Active"
"1011854,Biysk,""Biysk,Altai Krai,Russia"",21385,RU,City,Active"
"1011855,Rubtsovsk,""Rubtsovsk,Altai Krai,Russia"",21385,RU,City,Active"
"1011856,Slavgorod,""Slavgorod,Altai Krai,Russia"",21385,RU,City,Active"
"1011858,Blagoveshchensk,""Blagoveshchensk,Amur Oblast,Russia"",20915,RU,City,Active"
"1011859,Arkhangelsk,""Arkhangelsk,Arkhangelsk Oblast,Russia"",20916,RU,City,Active"
"1011860,Kotlas,""Kotlas,Arkhangelsk Oblast,Russia"",20916,RU,City,Active"
"1011861,Severodvinsk,""Severodvinsk,Arkhangelsk Oblast,Russia"",20916,RU,City,Active"
"1011862,Astrakhan,""Astrakhan,Astrakhan Oblast,Russia"",20917,RU,City,Active"
"1011863,Neftekamsk,""Neftekamsk,Republic of Bashkortostan,Russia"",20918,RU,City,Active"
"1011864,Oktyabrsky,""Oktyabrsky,Republic of Bashkortostan,Russia"",20918,RU,City,Active"
"1011865,Salavat,""Salavat,Republic of Bashkortostan,Russia"",20918,RU,City,Active"
"1011866,Sterlitamak,""Sterlitamak,Republic of Bashkortostan,Russia"",20918,RU,City,Active"
"1011867,Ufa,""Ufa,Republic of Bashkortostan,Russia"",20918,RU,City,Active"
"1011868,Belgorod,""Belgorod,Belgorod Oblast,Russia"",20919,RU,City,Active"
"1011869,Bryansk,""Bryansk,Bryansk Oblast,Russia"",20920,RU,City,Active"
"1011870,Ulan-Ude,""Ulan-Ude,Buryatia,Russia"",20921,RU,City,Active"
"1011871,Argayash,""Argayash,Chelyabinsk Oblast,Russia"",20922,RU,City,Active"
"1011872,Asha,""Asha,Chelyabinsk Oblast,Russia"",20922,RU,City,Active"
"1011873,Chebarkul,""Chebarkul,Chelyabinsk Oblast,Russia"",20922,RU,City,Active"
"1011874,Chelyabinsk,""Chelyabinsk,Chelyabinsk Oblast,Russia"",20922,RU,City,Active"
"1011875,Karabash,""Karabash,Chelyabinsk Oblast,Russia"",20922,RU,City,Active"
"1011876,Kartaly,""Kartaly,Chelyabinsk Oblast,Russia"",20922,RU,City,Active"
"1011877,Katav-Ivanovsk,""Katav-Ivanovsk,Chelyabinsk Oblast,Russia"",20922,RU,City,Active"
"1011878,Kopeysk,""Kopeysk,Chelyabinsk Oblast,Russia"",20922,RU,City,Active"
"1011879,Korkino,""Korkino,Chelyabinsk Oblast,Russia"",20922,RU,City,Active"
"1011880,Kyshtym,""Kyshtym,Chelyabinsk Oblast,Russia"",20922,RU,City,Active"
"1011881,Magnitogorsk,""Magnitogorsk,Chelyabinsk Oblast,Russia"",20922,RU,City,Active"
"1011882,Miass,""Miass,Chelyabinsk Oblast,Russia"",20922,RU,City,Active"
"1011883,Plast,""Plast,Chelyabinsk Oblast,Russia"",20922,RU,City,Active"
"1011884,Satka,""Satka,Chelyabinsk Oblast,Russia"",20922,RU,City,Active"
"1011885,Troitsk,""Troitsk,Chelyabinsk Oblast,Russia"",20922,RU,City,Active"
"1011886,Ust-Katav,""Ust-Katav,Chelyabinsk Oblast,Russia"",20922,RU,City,Active"
"1011887,Verkhny Ufaley,""Verkhny Ufaley,Chelyabinsk Oblast,Russia"",20922,RU,City,Active"
"1011888,Yuzhnouralsk,""Yuzhnouralsk,Chelyabinsk Oblast,Russia"",20922,RU,City,Active"
"1011889,Zlatoust,""Zlatoust,Chelyabinsk Oblast,Russia"",20922,RU,City,Active"
"1011892,Makhachkala,""Makhachkala,Dagestan Republic,Russia"",20925,RU,City,Active"
"1011894,Angarsk,""Angarsk,Irkutsk Oblast,Russia"",20926,RU,City,Active"
"1011895,Bratsk,""Bratsk,Irkutsk Oblast,Russia"",20926,RU,City,Active"
"1011896,Irkutsk,""Irkutsk,Irkutsk Oblast,Russia"",20926,RU,City,Active"
"1011897,Ust-Ilimsk,""Ust-Ilimsk,Irkutsk Oblast,Russia"",20926,RU,City,Active"
"1011898,Ivanovo,""Ivanovo,Ivanovo Oblast,Russia"",20927,RU,City,Active"
"1011899,Petropavlovsk-Kamchatskiy,""Petropavlovsk-Kamchatskiy,Kamchatka Krai,Russia"",20928,RU,City,Active"
"1011901,Nalchik,""Nalchik,Kabardino-Balkaria,Russia"",20929,RU,City,Active"
"1011902,Cherkessk,""Cherkessk,Karachay-Cherkessia,Russia"",20930,RU,City,Active"
"1011903,Zelenchukskaya,""Zelenchukskaya,Karachay-Cherkessia,Russia"",20930,RU,City,Active"
"1011904,Gelendzhik,""Gelendzhik,Krasnodar Krai,Russia"",20931,RU,City,Active"
"1011905,Krasnodar,""Krasnodar,Krasnodar Krai,Russia"",20931,RU,City,Active"
"1011906,Novorossiysk,""Novorossiysk,Krasnodar Krai,Russia"",20931,RU,City,Active"
"1011907,Sochi,""Sochi,Krasnodar Krai,Russia"",20931,RU,City,Active"
"1011909,Kemerovo,""Kemerovo,Kemerovo Oblast,Russia"",20932,RU,City,Active"
"1011910,Leninsk-Kuznetskiy,""Leninsk-Kuznetskiy,Kemerovo Oblast,Russia"",20932,RU,City,Active"
"1011911,Mezhdurechensk,""Mezhdurechensk,Kemerovo Oblast,Russia"",20932,RU,City,Active"
"1011912,Novokuznetsk,""Novokuznetsk,Kemerovo Oblast,Russia"",20932,RU,City,Active"
"1011913,Prokopyevsk,""Prokopyevsk,Kemerovo Oblast,Russia"",20932,RU,City,Active"
"1011914,Kaliningrad,""Kaliningrad,Kaliningrad Oblast,Russia"",20933,RU,City,Active"
"1011916,Kurgan,""Kurgan,Kurgan Oblast,Russia"",20934,RU,City,Active"
"1011918,Khabarovsk,""Khabarovsk,Khabarovsk Krai,Russia"",20935,RU,City,Active"
"1011920,Vanino,""Vanino,Khabarovsk Krai,Russia"",20935,RU,City,Active"
"1011921,Khanty-Mansiysk,""Khanty-Mansiysk,Khanty-Mansi Autonomous Okrug,Russia"",20936,RU,City,Active"
"1011922,Nefteyugansk,""Nefteyugansk,Khanty-Mansi Autonomous Okrug,Russia"",20936,RU,City,Active"
"1011923,Nizhnevartovsk,""Nizhnevartovsk,Khanty-Mansi Autonomous Okrug,Russia"",20936,RU,City,Active"
"1011924,Surgut,""Surgut,Khanty-Mansi Autonomous Okrug,Russia"",20936,RU,City,Active"
"1011925,Kirov,""Kirov,Kirov Oblast,Russia"",20937,RU,City,Active"
"1011926,Abakan,""Abakan,Republic of Khakassia,Russia"",20938,RU,City,Active"
"1011927,Elista,""Elista,Kalmykia,Russia"",21243,RU,City,Active"
"1011928,Kaluga,""Kaluga,Kaluga Oblast,Russia"",20939,RU,City,Active"
"1011929,Obninsk,""Obninsk,Kaluga Oblast,Russia"",20939,RU,City,Active"
"1011930,Inta,""Inta,Komi Republic,Russia"",20940,RU,City,Active"
"1011931,Syktyvkar,""Syktyvkar,Komi Republic,Russia"",20940,RU,City,Active"
"1011932,Ukhta,""Ukhta,Komi Republic,Russia"",20940,RU,City,Active"
"1011933,Vorkuta,""Vorkuta,Komi Republic,Russia"",20940,RU,City,Active"
"1011934,Kostroma,""Kostroma,Kostroma Oblast,Russia"",20941,RU,City,Active"
"1011935,Petrozavodsk,""Petrozavodsk,Republic of Karelia,Russia"",20942,RU,City,Active"
"1011936,Kurchatov,""Kurchatov,Kursk Oblast,Russia"",20943,RU,City,Active"
"1011937,Kursk,""Kursk,Kursk Oblast,Russia"",20943,RU,City,Active"
"1011938,Zheleznogorsk,""Zheleznogorsk,Kursk Oblast,Russia"",20943,RU,City,Active"
"1011939,Achinsk,""Achinsk,Krasnoyarsk Krai,Russia"",20944,RU,City,Active"
"1011941,Krasnoyarsk,""Krasnoyarsk,Krasnoyarsk Krai,Russia"",20944,RU,City,Active"
"1011943,Gatchina,""Gatchina,Leningrad Oblast,Russia"",20945,RU,City,Active"
"1011944,Kirishi,""Kirishi,Leningrad Oblast,Russia"",20945,RU,City,Active"
"1011945,Volkhov,""Volkhov,Leningrad Oblast,Russia"",20945,RU,City,Active"
"1011946,Vyborg,""Vyborg,Leningrad Oblast,Russia"",20945,RU,City,Active"
"1011947,Lipetsk,""Lipetsk,Lipetsk Oblast,Russia"",20946,RU,City,Active"
"1011948,Magadan,""Magadan,Magadan Oblast,Russia"",20947,RU,City,Active"
"1011949,Yoshkar-Ola,""Yoshkar-Ola,Mari El Republic,Russia"",21234,RU,City,Active"
"1011950,Saransk,""Saransk,Mordovia,Russia"",20948,RU,City,Active"
"1011951,Balashikha,""Balashikha,Moscow Oblast,Russia"",20949,RU,City,Active"
"1011952,Chernogolovka,""Chernogolovka,Moscow Oblast,Russia"",20949,RU,City,Active"
"1011953,Dedovsk,""Dedovsk,Moscow Oblast,Russia"",20949,RU,City,Active"
"1011954,Dubna,""Dubna,Moscow Oblast,Russia"",20949,RU,City,Active"
"1011955,Elektrostal,""Elektrostal,Moscow Oblast,Russia"",20949,RU,City,Active"
"1011956,Khimki,""Khimki,Moscow Oblast,Russia"",20949,RU,City,Active"
"1011957,Kolomna,""Kolomna,Moscow Oblast,Russia"",20949,RU,City,Active"
"1011958,Korolyov,""Korolyov,Moscow Oblast,Russia"",20949,RU,City,Active"
"1011959,Lobnya,""Lobnya,Moscow Oblast,Russia"",20949,RU,City,Active"
"1011960,Mozhaysk,""Mozhaysk,Moscow Oblast,Russia"",20949,RU,City,Active"
"1011961,Noginsk,""Noginsk,Moscow Oblast,Russia"",20949,RU,City,Active"
"1011962,Odintsovo,""Odintsovo,Moscow Oblast,Russia"",20949,RU,City,Active"
"1011963,Podolsk,""Podolsk,Moscow Oblast,Russia"",20949,RU,City,Active"
"1011964,Pushkino,""Pushkino,Moscow Oblast,Russia"",20949,RU,City,Active"
"1011965,Serpukhov,""Serpukhov,Moscow Oblast,Russia"",20949,RU,City,Active"
"1011966,Stupino,""Stupino,Moscow Oblast,Russia"",20949,RU,City,Active"
"1011968,Zhukovskiy,""Zhukovskiy,Moscow Oblast,Russia"",20949,RU,City,Active"
"1011969,Moscow,""Moscow,Moscow,Russia"",20950,RU,City,Active"
"1011970,Sergiev Posad,""Sergiev Posad,Moscow Oblast,Russia"",20949,RU,City,Active"
"1011972,Apatity,""Apatity,Murmansk Oblast,Russia"",20951,RU,City,Active"
"1011973,Kandalaksha,""Kandalaksha,Murmansk Oblast,Russia"",20951,RU,City,Active"
"1011974,Kirovsk,""Kirovsk,Murmansk Oblast,Russia"",20951,RU,City,Active"
"1011976,Murmansk,""Murmansk,Murmansk Oblast,Russia"",20951,RU,City,Active"
"1011977,Veliky Novgorod,""Veliky Novgorod,Novgorod Oblast,Russia"",20952,RU,City,Active"
"1011978,Arzamas,""Arzamas,Nizhny Novgorod Oblast,Russia"",20953,RU,City,Active"
"1011979,Bor,""Bor,Nizhny Novgorod Oblast,Russia"",20953,RU,City,Active"
"1011980,Dzerzhinsk,""Dzerzhinsk,Nizhny Novgorod Oblast,Russia"",20953,RU,City,Active"
"1011981,Nizhny Novgorod,""Nizhny Novgorod,Nizhny Novgorod Oblast,Russia"",20953,RU,City,Active"
"1011982,Berdsk,""Berdsk,Novosibirsk Oblast,Russia"",20954,RU,City,Active"
"1011983,Kochenеvo,""Kochenеvo,Novosibirsk Oblast,Russia"",20954,RU,City,Active"
"1011984,Novosibirsk,""Novosibirsk,Novosibirsk Oblast,Russia"",20954,RU,City,Active"
"1011985,Omsk,""Omsk,Omsk Oblast,Russia"",20955,RU,City,Active"
"1011987,Orenburg,""Orenburg,Orenburg Oblast,Russia"",20956,RU,City,Active"
"1011988,Orsk,""Orsk,Orenburg Oblast,Russia"",20956,RU,City,Active"
"1011990,Oryol,""Oryol,Oryol Oblast,Russia"",21256,RU,City,Active"
"1011991,Berezniki,""Berezniki,Perm Krai,Russia"",20957,RU,City,Active"
"1011992,Lysva,""Lysva,Perm Krai,Russia"",20957,RU,City,Active"
"1011993,Perm,""Perm,Perm Krai,Russia"",20957,RU,City,Active"
"1011994,Solikamsk,""Solikamsk,Perm Krai,Russia"",20957,RU,City,Active"
"1011996,Penza,""Penza,Penza Oblast,Russia"",20958,RU,City,Active"
"1011998,Arsenyev,""Arsenyev,Primorsky Krai,Russia"",20959,RU,City,Active"
"1012000,Dalnegorsk,""Dalnegorsk,Primorsky Krai,Russia"",20959,RU,City,Active"
"1012002,Lesozavodsk,""Lesozavodsk,Primorsky Krai,Russia"",20959,RU,City,Active"
"1012003,Nakhodka,""Nakhodka,Primorsky Krai,Russia"",20959,RU,City,Active"
"1012006,Spassk-Dalny,""Spassk-Dalny,Primorsky Krai,Russia"",20959,RU,City,Active"
"1012007,Ussuriysk,""Ussuriysk,Primorsky Krai,Russia"",20959,RU,City,Active"
"1012008,Vladivostok,""Vladivostok,Primorsky Krai,Russia"",20959,RU,City,Active"
"1012009,Ostrov,""Ostrov,Pskov Oblast,Russia"",20960,RU,City,Active"
"1012010,Pskov,""Pskov,Pskov Oblast,Russia"",20960,RU,City,Active"
"1012011,Velikiye Luki,""Velikiye Luki,Pskov Oblast,Russia"",20960,RU,City,Active"
"1012012,Novocherkassk,""Novocherkassk,Rostov Oblast,Russia"",20961,RU,City,Active"
"1012013,Rostov-on-Don,""Rostov-on-Don,Rostov Oblast,Russia"",20961,RU,City,Active"
"1012014,Shakhty,""Shakhty,Rostov Oblast,Russia"",20961,RU,City,Active"
"1012015,Taganrog,""Taganrog,Rostov Oblast,Russia"",20961,RU,City,Active"
"1012016,Volgodonsk,""Volgodonsk,Rostov Oblast,Russia"",20961,RU,City,Active"
"1012017,Ryazan,""Ryazan,Ryazan Oblast,Russia"",20962,RU,City,Active"
"1012018,Yakutsk,""Yakutsk,Sakha Republic,Russia"",20963,RU,City,Active"
"1012020,Kholmsk,""Kholmsk,Sakhalin Oblast,Russia"",20964,RU,City,Active"
"1012021,Korsakov,""Korsakov,Sakhalin Oblast,Russia"",20964,RU,City,Active"
"1012023,Nogliki,""Nogliki,Sakhalin Oblast,Russia"",20964,RU,City,Active"
"1012025,Poronaysk,""Poronaysk,Sakhalin Oblast,Russia"",20964,RU,City,Active"
"1012027,Yuzhno-Sakhalinsk,""Yuzhno-Sakhalinsk,Sakhalin Oblast,Russia"",20964,RU,City,Active"
"1012028,Novokuybyshevsk,""Novokuybyshevsk,Samara Oblast,Russia"",20965,RU,City,Active"
"1012029,Samara,""Samara,Samara Oblast,Russia"",20965,RU,City,Active"
"1012031,Syzran,""Syzran,Samara Oblast,Russia"",20965,RU,City,Active"
"1012032,Tolyatti,""Tolyatti,Samara Oblast,Russia"",20965,RU,City,Active"
"1012033,Balakovo,""Balakovo,Saratov Oblast,Russia"",20966,RU,City,Active"
"1012034,Engels,""Engels,Saratov Oblast,Russia"",20966,RU,City,Active"
"1012035,Marks,""Marks,Saratov Oblast,Russia"",20966,RU,City,Active"
"1012036,Saratov,""Saratov,Saratov Oblast,Russia"",20966,RU,City,Active"
"1012037,Vladikavkaz,""Vladikavkaz,North Ossetia–Alania,Russia"",21252,RU,City,Active"
"1012038,Smolensk,""Smolensk,Smolensk Oblast,Russia"",20967,RU,City,Active"
"1012039,Lodejnoje Polje,""Lodejnoje Polje,Leningrad Oblast,Russia"",20945,RU,City,Active"
"1012040,Saint Petersburg,""Saint Petersburg,Saint Petersburg,Russia"",20968,RU,City,Active"
"1012041,Essentuki,""Essentuki,Stavropol Krai,Russia"",20969,RU,City,Active"
"1012042,Pyatigorsk,""Pyatigorsk,Stavropol Krai,Russia"",20969,RU,City,Active"
"1012043,Stavropol,""Stavropol,Stavropol Krai,Russia"",20969,RU,City,Active"
"1012044,Artemovskiy,""Artemovskiy,Sverdlovsk Oblast,Russia"",20970,RU,City,Active"
"1012045,Kamensk-Uralsky,""Kamensk-Uralsky,Sverdlovsk Oblast,Russia"",20970,RU,City,Active"
"1012046,Krasnoturinsk,""Krasnoturinsk,Sverdlovsk Oblast,Russia"",20970,RU,City,Active"
"1012047,Krasnouralsk,""Krasnouralsk,Sverdlovsk Oblast,Russia"",20970,RU,City,Active"
"1012048,Nizhny Tagil,""Nizhny Tagil,Sverdlovsk Oblast,Russia"",20970,RU,City,Active"
"1012049,Pervouralsk,""Pervouralsk,Sverdlovsk Oblast,Russia"",20970,RU,City,Active"
"1012050,Revda,""Revda,Sverdlovsk Oblast,Russia"",20970,RU,City,Active"
"1012051,Serov,""Serov,Sverdlovsk Oblast,Russia"",20970,RU,City,Active"
"1012052,Yekaterinburg,""Yekaterinburg,Sverdlovsk Oblast,Russia"",20970,RU,City,Active"
"1012053,Almetyevsk,""Almetyevsk,Tatarstan,Russia"",20971,RU,City,Active"
"1012054,Kazan,""Kazan,Tatarstan,Russia"",20971,RU,City,Active"
"1012055,Naberezhnye Chelny,""Naberezhnye Chelny,Tatarstan,Russia"",20971,RU,City,Active"
"1012056,Michurinsk,""Michurinsk,Tambov Oblast,Russia"",20972,RU,City,Active"
"1012057,Tambov,""Tambov,Tambov Oblast,Russia"",20972,RU,City,Active"
"1012058,Norilsk,""Norilsk,Krasnoyarsk Krai,Russia"",20944,RU,City,Active"
"1012059,Tomsk,""Tomsk,Tomsk Oblast,Russia"",20974,RU,City,Active"
"1012060,Tula,""Tula,Tula Oblast,Russia"",20975,RU,City,Active"
"1012061,Tver,""Tver,Tver Oblast,Russia"",20976,RU,City,Active"
"1012062,Tyumen,""Tyumen,Tyumen Oblast,Russia"",20977,RU,City,Active"
"1012063,Glazov,""Glazov,Udmurt Republic,Russia"",20978,RU,City,Active"
"1012064,Izhevsk,""Izhevsk,Udmurt Republic,Russia"",20978,RU,City,Active"
"1012065,Votkinsk,""Votkinsk,Udmurt Republic,Russia"",20978,RU,City,Active"
"1012066,Dimitrovgrad,""Dimitrovgrad,Ulyanovsk Oblast,Russia"",20979,RU,City,Active"
"1012067,Ulyanovsk,""Ulyanovsk,Ulyanovsk Oblast,Russia"",20979,RU,City,Active"
"1012068,Volgograd,""Volgograd,Volgograd Oblast,Russia"",20980,RU,City,Active"
"1012069,Volzhskiy,""Volzhskiy,Volgograd Oblast,Russia"",20980,RU,City,Active"
"1012070,Kolchugino,""Kolchugino,Vladimir Oblast,Russia"",20981,RU,City,Active"
"1012071,Kovrov,""Kovrov,Vladimir Oblast,Russia"",20981,RU,City,Active"
"1012072,Murom,""Murom,Vladimir Oblast,Russia"",20981,RU,City,Active"
"1012073,Vladimir,""Vladimir,Vladimir Oblast,Russia"",20981,RU,City,Active"
"1012074,Cherepovets,""Cherepovets,Vologda Oblast,Russia"",20982,RU,City,Active"
"1012075,Vologda,""Vologda,Vologda Oblast,Russia"",20982,RU,City,Active"
"1012077,Voronezh,""Voronezh,Voronezh Oblast,Russia"",20983,RU,City,Active"
"1012078,Nadym,""Nadym,Yamalo-Nenets Autonomous Okrug,Russia"",20984,RU,City,Active"
"1012079,Salekhard,""Salekhard,Yamalo-Nenets Autonomous Okrug,Russia"",20984,RU,City,Active"
"1012080,Tarko-Sale,""Tarko-Sale,Yamalo-Nenets Autonomous Okrug,Russia"",20984,RU,City,Active"
"1012081,Pereslavl-Zalessky,""Pereslavl-Zalessky,Yaroslavl Oblast,Russia"",20985,RU,City,Active"
"1012082,Rostov,""Rostov,Yaroslavl Oblast,Russia"",20985,RU,City,Active"
"1012084,Yaroslavl,""Yaroslavl,Yaroslavl Oblast,Russia"",20985,RU,City,Active"
"1012085,Birobidzhan,""Birobidzhan,Jewish Autonomous Oblast,Russia"",21277,RU,City,Active"
"1017292,Russiaville,""Russiaville,Indiana,United States"",21148,US,City,Active"
"1023974,Russia,""Russia,Ohio,United States"",21168,US,City,Active"
"1024985,King of Prussia,""King of Prussia,Pennsylvania,United States"",21171,US,City,Active"
"20914,Altai Republic,""Altai Republic,Russia"",2643,RU,Region,Active"
"20915,Amur Oblast,""Amur Oblast,Russia"",2643,RU,Region,Active"
"20916,Arkhangelsk Oblast,""Arkhangelsk Oblast,Russia"",2643,RU,Region,Active"
"20917,Astrakhan Oblast,""Astrakhan Oblast,Russia"",2643,RU,Region,Active"
"20918,Republic of Bashkortostan,""Republic of Bashkortostan,Russia"",2643,RU,Region,Active"
"20919,Belgorod Oblast,""Belgorod Oblast,Russia"",2643,RU,Region,Active"
"20920,Bryansk Oblast,""Bryansk Oblast,Russia"",2643,RU,Region,Active"
"20921,Buryatia,""Buryatia,Russia"",2643,RU,Region,Active"
"20922,Chelyabinsk Oblast,""Chelyabinsk Oblast,Russia"",2643,RU,Region,Active"
"20924,Chukotka Autonomous Okrug,""Chukotka Autonomous Okrug,Russia"",2643,RU,Region,Active"
"20925,Dagestan Republic,""Dagestan Republic,Russia"",2643,RU,Region,Active"
"20926,Irkutsk Oblast,""Irkutsk Oblast,Russia"",2643,RU,Region,Active"
"20927,Ivanovo Oblast,""Ivanovo Oblast,Russia"",2643,RU,Region,Active"
"20928,Kamchatka Krai,""Kamchatka Krai,Russia"",2643,RU,Region,Active"
"20929,Kabardino-Balkaria,""Kabardino-Balkaria,Russia"",2643,RU,Region,Active"
"20930,Karachay-Cherkessia,""Karachay-Cherkessia,Russia"",2643,RU,Region,Active"
"20931,Krasnodar Krai,""Krasnodar Krai,Russia"",2643,RU,Region,Active"
"20932,Kemerovo Oblast,""Kemerovo Oblast,Russia"",2643,RU,Region,Active"
"20933,Kaliningrad Oblast,""Kaliningrad Oblast,Russia"",2643,RU,Region,Active"
"20934,Kurgan Oblast,""Kurgan Oblast,Russia"",2643,RU,Region,Active"
"20935,Khabarovsk Krai,""Khabarovsk Krai,Russia"",2643,RU,Region,Active"
"20936,Khanty-Mansi Autonomous Okrug,""Khanty-Mansi Autonomous Okrug,Russia"",2643,RU,Region,Active"
"20937,Kirov Oblast,""Kirov Oblast,Russia"",2643,RU,Region,Active"
"20938,Republic of Khakassia,""Republic of Khakassia,Russia"",2643,RU,Region,Active"
"20939,Kaluga Oblast,""Kaluga Oblast,Russia"",2643,RU,Region,Active"
"20940,Komi Republic,""Komi Republic,Russia"",2643,RU,Region,Active"
"20941,Kostroma Oblast,""Kostroma Oblast,Russia"",2643,RU,Region,Active"
"20942,Republic of Karelia,""Republic of Karelia,Russia"",2643,RU,Region,Active"
"20943,Kursk Oblast,""Kursk Oblast,Russia"",2643,RU,Region,Active"
"20944,Krasnoyarsk Krai,""Krasnoyarsk Krai,Russia"",2643,RU,Region,Active"
"20945,Leningrad Oblast,""Leningrad Oblast,Russia"",2643,RU,Region,Active"
"20946,Lipetsk Oblast,""Lipetsk Oblast,Russia"",2643,RU,Region,Active"
"20947,Magadan Oblast,""Magadan Oblast,Russia"",2643,RU,Region,Active"
"20948,Mordovia,""Mordovia,Russia"",2643,RU,Region,Active"
"20949,Moscow Oblast,""Moscow Oblast,Russia"",2643,RU,Region,Active"
"20950,Moscow,""Moscow,Russia"",2643,RU,Region,Active"
"20951,Murmansk Oblast,""Murmansk Oblast,Russia"",2643,RU,Region,Active"
"20952,Novgorod Oblast,""Novgorod Oblast,Russia"",2643,RU,Region,Active"
"20953,Nizhny Novgorod Oblast,""Nizhny Novgorod Oblast,Russia"",2643,RU,Region,Active"
"20954,Novosibirsk Oblast,""Novosibirsk Oblast,Russia"",2643,RU,Region,Active"
"20955,Omsk Oblast,""Omsk Oblast,Russia"",2643,RU,Region,Active"
"20956,Orenburg Oblast,""Orenburg Oblast,Russia"",2643,RU,Region,Active"
"20957,Perm Krai,""Perm Krai,Russia"",2643,RU,Region,Active"
"20958,Penza Oblast,""Penza Oblast,Russia"",2643,RU,Region,Active"
"20959,Primorsky Krai,""Primorsky Krai,Russia"",2643,RU,Region,Active"
"20960,Pskov Oblast,""Pskov Oblast,Russia"",2643,RU,Region,Active"
"20961,Rostov Oblast,""Rostov Oblast,Russia"",2643,RU,Region,Active"
"20962,Ryazan Oblast,""Ryazan Oblast,Russia"",2643,RU,Region,Active"
"20963,Sakha Republic,""Sakha Republic,Russia"",2643,RU,Region,Active"
"20964,Sakhalin Oblast,""Sakhalin Oblast,Russia"",2643,RU,Region,Active"
"20965,Samara Oblast,""Samara Oblast,Russia"",2643,RU,Region,Active"
"20966,Saratov Oblast,""Saratov Oblast,Russia"",2643,RU,Region,Active"
"20967,Smolensk Oblast,""Smolensk Oblast,Russia"",2643,RU,Region,Active"
"20968,Saint Petersburg,""Saint Petersburg,Russia"",2643,RU,Region,Active"
"20969,Stavropol Krai,""Stavropol Krai,Russia"",2643,RU,Region,Active"
"20970,Sverdlovsk Oblast,""Sverdlovsk Oblast,Russia"",2643,RU,Region,Active"
"20971,Tatarstan,""Tatarstan,Russia"",2643,RU,Region,Active"
"20972,Tambov Oblast,""Tambov Oblast,Russia"",2643,RU,Region,Active"
"20973,Taymyr Autonomous Okrug,""Taymyr Autonomous Okrug,Russia"",2643,RU,Region,Active"
"20974,Tomsk Oblast,""Tomsk Oblast,Russia"",2643,RU,Region,Active"
"20975,Tula Oblast,""Tula Oblast,Russia"",2643,RU,Region,Active"
"20976,Tver Oblast,""Tver Oblast,Russia"",2643,RU,Region,Active"
"20977,Tyumen Oblast,""Tyumen Oblast,Russia"",2643,RU,Region,Active"
"20978,Udmurt Republic,""Udmurt Republic,Russia"",2643,RU,Region,Active"
"20979,Ulyanovsk Oblast,""Ulyanovsk Oblast,Russia"",2643,RU,Region,Active"
"20980,Volgograd Oblast,""Volgograd Oblast,Russia"",2643,RU,Region,Active"
"20981,Vladimir Oblast,""Vladimir Oblast,Russia"",2643,RU,Region,Active"
"20982,Vologda Oblast,""Vologda Oblast,Russia"",2643,RU,Region,Active"
"20983,Voronezh Oblast,""Voronezh Oblast,Russia"",2643,RU,Region,Active"
"20984,Yamalo-Nenets Autonomous Okrug,""Yamalo-Nenets Autonomous Okrug,Russia"",2643,RU,Region,Active"
"20985,Yaroslavl Oblast,""Yaroslavl Oblast,Russia"",2643,RU,Region,Active"
"21234,Mari El Republic,""Mari El Republic,Russia"",2643,RU,Region,Active"
"21243,Kalmykia,""Kalmykia,Russia"",2643,RU,Region,Active"
"21250,Adygea,""Adygea,Russia"",2643,RU,Region,Active"
"21251,Ingushetia,""Ingushetia,Russia"",2643,RU,Region,Active"
"21252,North Ossetia–Alania,""North Ossetia–Alania,Russia"",2643,RU,Region,Active"
"21256,Oryol Oblast,""Oryol Oblast,Russia"",2643,RU,Region,Active"
"21277,Jewish Autonomous Oblast,""Jewish Autonomous Oblast,Russia"",2643,RU,Region,Active"
"21346,Tuva,""Tuva,Russia"",2643,RU,Region,Active"
"21347,Chechnya,""Chechnya,Russia"",2643,RU,Region,Active"
"21348,Chuvashia Republic,""Chuvashia Republic,Russia"",2643,RU,Region,Active"
"21350,Koryakskiy avtonomniy okrug,""Koryakskiy avtonomniy okrug,Russia"",2643,RU,Region,Active"
"21351,Nenets Autonomous Okrug,""Nenets Autonomous Okrug,Russia"",2643,RU,Region,Active"
"21353,Evenkiysky District,""Evenkiysky District,Krasnoyarsk Krai,Russia"",20944,RU,Region,Active"
"21385,Altai Krai,""Altai Krai,Russia"",2643,RU,Region,Active"
2643,Russia,Russia,,RU,Country,Active
"9040918,Derbent,""Derbent,Dagestan Republic,Russia"",20925,RU,City,Active"
"9040919,Grozny,""Grozny,Chechnya,Russia"",21347,RU,City,Active"
"9040920,Mineralnye Vody,""Mineralnye Vody,Stavropol Krai,Russia"",20969,RU,City,Active"
"9040921,Kislovodsk,""Kislovodsk,Stavropol Krai,Russia"",20969,RU,City,Active"
"9040922,Yeysk,""Yeysk,Krasnodar Krai,Russia"",20931,RU,City,Active"
"9040923,Anapa,""Anapa,Krasnodar Krai,Russia"",20931,RU,City,Active"
"9040924,Tuapse,""Tuapse,Krasnodar Krai,Russia"",20931,RU,City,Active"
"9040925,Plastunka,""Plastunka,Krasnodar Krai,Russia"",20931,RU,City,Active"
"9040926,Nevinnomyssk,""Nevinnomyssk,Stavropol Krai,Russia"",20969,RU,City,Active"
"9040927,Armavir,""Armavir,Krasnodar Krai,Russia"",20931,RU,City,Active"
"9040928,Akhtubinsk,""Akhtubinsk,Astrakhan Oblast,Russia"",20917,RU,City,Active"
"9040929,Kamyshin,""Kamyshin,Volgograd Oblast,Russia"",20980,RU,City,Active"
"9040930,Stary Oskol,""Stary Oskol,Belgorod Oblast,Russia"",20919,RU,City,Active"
"9040931,Yelets,""Yelets,Lipetsk Oblast,Russia"",20946,RU,City,Active"
"9040932,Protvino,""Protvino,Moscow Oblast,Russia"",20949,RU,City,Active"
"9040933,Klimovsk,""Klimovsk,Moscow Oblast,Russia"",20949,RU,City,Active"
"9040934,Novomoskovsk,""Novomoskovsk,Tula Oblast,Russia"",20975,RU,City,Active"
"9040935,Sarov,""Sarov,Nizhny Novgorod Oblast,Russia"",20953,RU,City,Active"
"9040936,Lukhovitsy,""Lukhovitsy,Moscow Oblast,Russia"",20949,RU,City,Active"
"9040937,Voskresensk,""Voskresensk,Moscow Oblast,Russia"",20949,RU,City,Active"
"9040938,Vidnoye,""Vidnoye,Moscow Oblast,Russia"",20949,RU,City,Active"
"9040939,Lyubertsy,""Lyubertsy,Moscow Oblast,Russia"",20949,RU,City,Active"
"9040940,Tomilino,""Tomilino,Moscow Oblast,Russia"",20949,RU,City,Active"
"9040941,Ramenskoye,""Ramenskoye,Moscow Oblast,Russia"",20949,RU,City,Active"
"9040942,Zheleznodorozhny,""Zheleznodorozhny,Moscow Oblast,Russia"",20949,RU,City,Active"
"9040943,Reutov,""Reutov,Moscow Oblast,Russia"",20949,RU,City,Active"
"9040944,Monino,""Monino,Moscow Oblast,Russia"",20949,RU,City,Active"
"9040945,Shchyolkovo,""Shchyolkovo,Moscow Oblast,Russia"",20949,RU,City,Active"
"9040946,Orekhovo-Zuyevo,""Orekhovo-Zuyevo,Moscow Oblast,Russia"",20949,RU,City,Active"
"9040947,Shuya,""Shuya,Ivanovo Oblast,Russia"",20927,RU,City,Active"
"9040948,Markovo,""Markovo,Ivanovo Oblast,Russia"",20927,RU,City,Active"
"9040949,Vyksa,""Vyksa,Nizhny Novgorod Oblast,Russia"",20953,RU,City,Active"
"9040950,Kstovo,""Kstovo,Nizhny Novgorod Oblast,Russia"",20953,RU,City,Active"
"9040951,Cheboksary,""Cheboksary,Chuvashia Republic,Russia"",21348,RU,City,Active"
"9040952,Nizhnekamsk,""Nizhnekamsk,Tatarstan,Russia"",20971,RU,City,Active"
"9040953,Tuymazy,""Tuymazy,Republic of Bashkortostan,Russia"",20918,RU,City,Active"
"9040954,Belebey,""Belebey,Republic of Bashkortostan,Russia"",20918,RU,City,Active"
"9040955,Kumertau,""Kumertau,Republic of Bashkortostan,Russia"",20918,RU,City,Active"
"9040956,Gorno-Altaysk,""Gorno-Altaysk,Altai Republic,Russia"",20914,RU,City,Active"
"9040957,Kiselyovsk,""Kiselyovsk,Kemerovo Oblast,Russia"",20932,RU,City,Active"
"9040958,Novy Urengoy,""Novy Urengoy,Yamalo-Nenets Autonomous Okrug,Russia"",20984,RU,City,Active"
"9040959,Nyagan,""Nyagan,Khanty-Mansi Autonomous Okrug,Russia"",20936,RU,City,Active"
"9040960,Tobolsk,""Tobolsk,Tyumen Oblast,Russia"",20977,RU,City,Active"
"9040961,Bobrovskiy,""Bobrovskiy,Sverdlovsk Oblast,Russia"",20970,RU,City,Active"
"9040962,Ozersk,""Ozersk,Chelyabinsk Oblast,Russia"",20922,RU,City,Active"
"9040963,Shadrinsk,""Shadrinsk,Kurgan Oblast,Russia"",20934,RU,City,Active"
"9040964,Uchaly,""Uchaly,Republic of Bashkortostan,Russia"",20918,RU,City,Active"
"9040965,Beloretsk,""Beloretsk,Republic of Bashkortostan,Russia"",20918,RU,City,Active"
"9040966,Ishimbay,""Ishimbay,Republic of Bashkortostan,Russia"",20918,RU,City,Active"
"9040967,Birsk,""Birsk,Republic of Bashkortostan,Russia"",20918,RU,City,Active"
"9040968,Severomorsk,""Severomorsk,Murmansk Oblast,Russia"",20951,RU,City,Active"
"9040969,Pechora,""Pechora,Komi Republic,Russia"",20940,RU,City,Active"
"9040970,Usinsk,""Usinsk,Komi Republic,Russia"",20940,RU,City,Active"
"9040971,Kingisepp,""Kingisepp,Leningrad Oblast,Russia"",20945,RU,City,Active"
"9040972,Sosnovy Bor,""Sosnovy Bor,Leningrad Oblast,Russia"",20945,RU,City,Active"
"9040973,Rybinsk,""Rybinsk,Yaroslavl Oblast,Russia"",20985,RU,City,Active"
"9040974,Konakovo,""Konakovo,Tver Oblast,Russia"",20976,RU,City,Active"
"9040975,Kimry,""Kimry,Tver Oblast,Russia"",20976,RU,City,Active"
"9040976,Alexandrov,""Alexandrov,Vladimir Oblast,Russia"",20981,RU,City,Active"
"9040977,Khotkovo,""Khotkovo,Moscow Oblast,Russia"",20949,RU,City,Active"
"9040978,Dmitrov,""Dmitrov,Moscow Oblast,Russia"",20949,RU,City,Active"
"9040979,Solnechnogorsk,""Solnechnogorsk,Moscow Oblast,Russia"",20949,RU,City,Active"
"9040980,Fryazino,""Fryazino,Moscow Oblast,Russia"",20949,RU,City,Active"
"9040981,Ivanteyevka,""Ivanteyevka,Moscow Oblast,Russia"",20949,RU,City,Active"
"9040982,Mytishchi,""Mytishchi,Moscow Oblast,Russia"",20949,RU,City,Active"
"9040983,Dolgoprudny,""Dolgoprudny,Moscow Oblast,Russia"",20949,RU,City,Active"
"9040984,Istra,""Istra,Moscow Oblast,Russia"",20949,RU,City,Active"
"9040985,Krasnogorsk,""Krasnogorsk,Moscow Oblast,Russia"",20949,RU,City,Active"
"9040986,Krasnoznamensk,""Krasnoznamensk,Moscow Oblast,Russia"",20949,RU,City,Active"
"9040987,Vlasikha,""Vlasikha,Moscow Oblast,Russia"",20949,RU,City,Active"
"9040988,Zvenigorod,""Zvenigorod,Moscow Oblast,Russia"",20949,RU,City,Active"
"9040989,Klin,""Klin,Moscow Oblast,Russia"",20949,RU,City,Active"
"9040990,Borovichi,""Borovichi,Novgorod Oblast,Russia"",20952,RU,City,Active"
"9040991,Tikhvin,""Tikhvin,Leningrad Oblast,Russia"",20945,RU,City,Active"
"9040992,Kubinka,""Kubinka,Moscow Oblast,Russia"",20949,RU,City,Active"
"9040993,Naro-Fominsk,""Naro-Fominsk,Moscow Oblast,Russia"",20949,RU,City,Active"
"9040994,Chernyakhovsk,""Chernyakhovsk,Kaliningrad Oblast,Russia"",20933,RU,City,Active"
"9040995,Sovetsk,""Sovetsk,Kaliningrad Oblast,Russia"",20933,RU,City,Active"
"9040996,Chita,""Chita,Zabaykalsky Krai,Russia"",9047109,RU,City,Active"
"9040997,Komsomolsk-on-Amur,""Komsomolsk-on-Amur,Khabarovsk Krai,Russia"",20935,RU,City,Active"
"9047022,Central Administrative Okrug,""Central Administrative Okrug,Moscow,Russia"",20950,RU,Okrug,Active"
"9047023,Eastern Administrative Okrug,""Eastern Administrative Okrug,Moscow,Russia"",20950,RU,Okrug,Active"
"9047024,North-Eastern Administrative Okrug,""North-Eastern Administrative Okrug,Moscow,Russia"",20950,RU,Okrug,Active"
"9047025,North-Western Administrative Okrug,""North-Western Administrative Okrug,Moscow,Russia"",20950,RU,Okrug,Active"
"9047026,Northern Administrative Okrug,""Northern Administrative Okrug,Moscow,Russia"",20950,RU,Okrug,Active"
"9047027,South-Eastern Administrative District,""South-Eastern Administrative District,Moscow,Russia"",20950,RU,Okrug,Active"
"9047028,South-Western Administrative Okrug,""South-Western Administrative Okrug,Moscow,Russia"",20950,RU,Okrug,Active"
"9047029,Southern Administrative Okrug,""Southern Administrative Okrug,Moscow,Russia"",20950,RU,Okrug,Active"
"9047030,Western Administrative Okrug,""Western Administrative Okrug,Moscow,Russia"",20950,RU,Okrug,Active"
"9047031,Zelenogradsky Administrative Okrug,""Zelenogradsky Administrative Okrug,Moscow,Russia"",20950,RU,Okrug,Active"
"9047064,Vyborgsky District,""Vyborgsky District,Saint Petersburg,Russia"",20968,RU,Okrug,Active"
"9047065,Primorsky District,""Primorsky District,Saint Petersburg,Russia"",20968,RU,Okrug,Active"
"9047066,Moskovsky District,""Moskovsky District,Saint Petersburg,Russia"",20968,RU,Okrug,Active"
"9047067,Tsentralny District,""Tsentralny District,Saint Petersburg,Russia"",20968,RU,Okrug,Active"
"9047068,Nevsky District,""Nevsky District,Saint Petersburg,Russia"",20968,RU,Okrug,Active"
"9047069,Krasnogvardeysky District,""Krasnogvardeysky District,Saint Petersburg,Russia"",20968,RU,Okrug,Active"
"9047070,Admiralteysky District,""Admiralteysky District,Saint Petersburg,Russia"",20968,RU,Okrug,Active"
"9047071,Kalininsky District,""Kalininsky District,Saint Petersburg,Russia"",20968,RU,Okrug,Active"
"9047072,Kirovsky District,""Kirovsky District,Saint Petersburg,Russia"",20968,RU,Okrug,Active"
"9047073,Frunzensky District,""Frunzensky District,Saint Petersburg,Russia"",20968,RU,Okrug,Active"
"9047074,Petrogradsky District,""Petrogradsky District,Saint Petersburg,Russia"",20968,RU,Okrug,Active"
"9047075,Vasileostrovsky District,""Vasileostrovsky District,Saint Petersburg,Russia"",20968,RU,Okrug,Active"
"9047076,Krasnoselsky District,""Krasnoselsky District,Saint Petersburg,Russia"",20968,RU,Okrug,Active"
"9047077,Pushkinsky District,""Pushkinsky District,Saint Petersburg,Russia"",20968,RU,Okrug,Active"
"9047078,Kolpinsky District,""Kolpinsky District,Saint Petersburg,Russia"",20968,RU,Okrug,Active"
"9047079,Petrodvortsovy District,""Petrodvortsovy District,Saint Petersburg,Russia"",20968,RU,Okrug,Active"
"9047080,Kurortny District,""Kurortny District,Saint Petersburg,Russia"",20968,RU,Okrug,Active"
"9047081,Kronshtadtsky District,""Kronshtadtsky District,Saint Petersburg,Russia"",20968,RU,Okrug,Active"
"9047109,Zabaykalsky Krai,""Zabaykalsky Krai,Russia"",2643,RU,Region,Active"
"9051371,Adler,""Adler,Krasnodar Krai,Russia"",20931,RU,City,Active"
"9051372,Aprelevka,""Aprelevka,Moscow Oblast,Russia"",20949,RU,City,Active"
"9051373,Artem,""Artem,Primorsky Krai,Russia"",20959,RU,City,Active"
"9051374,Azov,""Azov,Rostov Oblast,Russia"",20961,RU,City,Active"
"9051375,Bataysk,""Bataysk,Rostov Oblast,Russia"",20961,RU,City,Active"
"9051376,Belorechensk,""Belorechensk,Krasnodar Krai,Russia"",20931,RU,City,Active"
"9051377,Belovo,""Belovo,Kemerovo Oblast,Russia"",20932,RU,City,Active"
"9051378,Beryozovsky,""Beryozovsky,Sverdlovsk Oblast,Russia"",20970,RU,City,Active"
"9051379,Bolshoy Kamen,""Bolshoy Kamen,Primorsky Krai,Russia"",20959,RU,City,Active"
"9051380,Buynaksk,""Buynaksk,Dagestan Republic,Russia"",20925,RU,City,Active"
"9051381,Chekhov,""Chekhov,Moscow Oblast,Russia"",20949,RU,City,Active"
"9051382,Domodedovo,""Domodedovo,Moscow Oblast,Russia"",20949,RU,City,Active"
"9051383,Dzerzhinsky,""Dzerzhinsky,Moscow Oblast,Russia"",20949,RU,City,Active"
"9051384,Golitsyno,""Golitsyno,Moscow Oblast,Russia"",20949,RU,City,Active"
"9051385,Gus-Khrustalny,""Gus-Khrustalny,Vladimir Oblast,Russia"",20981,RU,City,Active"
"9051386,Kachkanar,""Kachkanar,Sverdlovsk Oblast,Russia"",20970,RU,City,Active"
"9051387,Kashira,""Kashira,Moscow Oblast,Russia"",20949,RU,City,Active"
"9051388,Kaspiysk,""Kaspiysk,Dagestan Republic,Russia"",20925,RU,City,Active"
"9051389,Khasavyurt,""Khasavyurt,Dagestan Republic,Russia"",20925,RU,City,Active"
"9051390,Kineshma,""Kineshma,Ivanovo Oblast,Russia"",20927,RU,City,Active"
"9051391,Kirovo-Chepetsk,""Kirovo-Chepetsk,Kirov Oblast,Russia"",20937,RU,City,Active"
"9051392,Kirovsk,""Kirovsk,Leningrad Oblast,Russia"",20945,RU,City,Active"
"9051393,Kirzhach,""Kirzhach,Vladimir Oblast,Russia"",20981,RU,City,Active"
"9051394,Kolpino,""Kolpino,Saint Petersburg,Russia"",20968,RU,City,Active"
"9051395,Kommunar,""Kommunar,Leningrad Oblast,Russia"",20945,RU,City,Active"
"9051396,Kommunarka,""Kommunarka,Moscow Oblast,Russia"",20949,RU,City,Active"
"9051397,Kostomuksha,""Kostomuksha,Republic of Karelia,Russia"",20942,RU,City,Active"
"9051398,Kotelniki,""Kotelniki,Moscow Oblast,Russia"",20949,RU,City,Active"
"9051399,Kraskovo,""Kraskovo,Moscow Oblast,Russia"",20949,RU,City,Active"
"9051400,Krasnoarmeysk,""Krasnoarmeysk,Moscow Oblast,Russia"",20949,RU,City,Active"
"9051401,Krasnoye Selo,""Krasnoye Selo,Saint Petersburg,Russia"",20968,RU,City,Active"
"9051402,Kronshtadt,""Kronshtadt,Saint Petersburg,Russia"",20968,RU,City,Active"
"9051403,Kropotkin,""Kropotkin,Krasnodar Krai,Russia"",20931,RU,City,Active"
"9051404,Kyzyl,""Kyzyl,Tuva,Russia"",21346,RU,City,Active"
"9051405,Labytnangi,""Labytnangi,Yamalo-Nenets Autonomous Okrug,Russia"",20984,RU,City,Active"
"9051406,Lomonosov,""Lomonosov,Saint Petersburg,Russia"",20968,RU,City,Active"
"9051407,Losino-Petrovsky,""Losino-Petrovsky,Moscow Oblast,Russia"",20949,RU,City,Active"
"9051408,Lytkarino,""Lytkarino,Moscow Oblast,Russia"",20949,RU,City,Active"
"9051409,Malakhovka,""Malakhovka,Moscow Oblast,Russia"",20949,RU,City,Active"
"9051410,Maloyaroslavets,""Maloyaroslavets,Kaluga Oblast,Russia"",20939,RU,City,Active"
"9051411,Malysheva,""Malysheva,Sverdlovsk Oblast,Russia"",20970,RU,City,Active"
"9051412,Megion,""Megion,Khanty-Mansi Autonomous Okrug,Russia"",20936,RU,City,Active"
"9051413,Metallostroy,""Metallostroy,Saint Petersburg,Russia"",20968,RU,City,Active"
"9051414,Minusinsk,""Minusinsk,Krasnoyarsk Krai,Russia"",20944,RU,City,Active"
"9051415,Mirny,""Mirny,Sakha Republic,Russia"",20963,RU,City,Active"
"9051416,Monchegorsk,""Monchegorsk,Murmansk Oblast,Russia"",20951,RU,City,Active"
"9051417,Moskovsky,""Moskovsky,Moscow Oblast,Russia"",20949,RU,City,Active"
"9051418,Nakhabino,""Nakhabino,Moscow Oblast,Russia"",20949,RU,City,Active"
"9051419,Naryan-Mar,""Naryan-Mar,Nenets Autonomous Okrug,Russia"",21351,RU,City,Active"
"9051420,Nazran,""Nazran,Ingushetia,Russia"",21251,RU,City,Active"
"9051421,Neryungri,""Neryungri,Sakha Republic,Russia"",20963,RU,City,Active"
"9051422,Nikolskoye,""Nikolskoye,Leningrad Oblast,Russia"",20945,RU,City,Active"
"9051423,Nizhnyaya Tura,""Nizhnyaya Tura,Sverdlovsk Oblast,Russia"",20970,RU,City,Active"
"9051424,Novaya Pustosh,""Novaya Pustosh,Leningrad Oblast,Russia"",20945,RU,City,Active"
"9051425,Novoaltaysk,""Novoaltaysk,Altai Krai,Russia"",21385,RU,City,Active"
"9051426,Novocheboksarsk,""Novocheboksarsk,Chuvashia Republic,Russia"",21348,RU,City,Active"
"9051427,Novouralsk,""Novouralsk,Sverdlovsk Oblast,Russia"",20970,RU,City,Active"
"9051428,Noyabrsk,""Noyabrsk,Yamalo-Nenets Autonomous Okrug,Russia"",20984,RU,City,Active"
"9051429,Vnukovo,""Vnukovo,Moscow,Russia"",20950,RU,City,Active"
"9051430,Pavlovsky Posad,""Pavlovsky Posad,Moscow Oblast,Russia"",20949,RU,City,Active"
"9051431,Peschanyy,""Peschanyy,Primorsky Krai,Russia"",20959,RU,City,Active"
"9051432,Petergof,""Petergof,Saint Petersburg,Russia"",20968,RU,City,Active"
"9051433,Pirogovskij,""Pirogovskij,Moscow Oblast,Russia"",20949,RU,City,Active"
"9051434,Polevskoy,""Polevskoy,Sverdlovsk Oblast,Russia"",20970,RU,City,Active"
"9051435,Priozersk,""Priozersk,Leningrad Oblast,Russia"",20945,RU,City,Active"
"9051436,Pushchino,""Pushchino,Moscow Oblast,Russia"",20949,RU,City,Active"
"9051437,Pushkin,""Pushkin,Saint Petersburg,Russia"",20968,RU,City,Active"
"9051438,Pyt-Yakh,""Pyt-Yakh,Khanty-Mansi Autonomous Okrug,Russia"",20936,RU,City,Active"
"9051439,Raduzhny,""Raduzhny,Khanty-Mansi Autonomous Okrug,Russia"",20936,RU,City,Active"
"9051440,Razvilka,""Razvilka,Moscow Oblast,Russia"",20949,RU,City,Active"
"9051441,Selyatino,""Selyatino,Moscow Oblast,Russia"",20949,RU,City,Active"
"9051442,Safonovo,""Safonovo,Smolensk Oblast,Russia"",20967,RU,City,Active"
"9051443,Sertolovo,""Sertolovo,Leningrad Oblast,Russia"",20945,RU,City,Active"
"9051444,Sestroretsk,""Sestroretsk,Saint Petersburg,Russia"",20968,RU,City,Active"
"9051445,Shatura,""Shatura,Moscow Oblast,Russia"",20949,RU,City,Active"
"9051446,Shlisselburg,""Shlisselburg,Leningrad Oblast,Russia"",20945,RU,City,Active"
"9051447,Sibay,""Sibay,Republic of Bashkortostan,Russia"",20918,RU,City,Active"
"9051448,Snezhinsk,""Snezhinsk,Chelyabinsk Oblast,Russia"",20922,RU,City,Active"
"9051449,Sovetskaya Gavan,""Sovetskaya Gavan,Khabarovsk Krai,Russia"",20935,RU,City,Active"
"9051450,Staraya,""Staraya,Leningrad Oblast,Russia"",20945,RU,City,Active"
"9051451,Staraya Kupavna,""Staraya Kupavna,Moscow Oblast,Russia"",20949,RU,City,Active"
"9051452,Svetogorsk,""Svetogorsk,Leningrad Oblast,Russia"",20945,RU,City,Active"
"9051453,Tikhoretsk,""Tikhoretsk,Krasnodar Krai,Russia"",20931,RU,City,Active"
"9051454,Tosno,""Tosno,Leningrad Oblast,Russia"",20945,RU,City,Active"
"9051455,Troitsk,""Troitsk,Moscow Oblast,Russia"",20949,RU,City,Active"
"9051456,Tynda,""Tynda,Amur Oblast,Russia"",20915,RU,City,Active"
"9051457,Udomlya,""Udomlya,Tver Oblast,Russia"",20976,RU,City,Active"
"9051458,Usolye-Sibirskoye,""Usolye-Sibirskoye,Irkutsk Oblast,Russia"",20926,RU,City,Active"
"9051459,Veliky Ustyug,""Veliky Ustyug,Vologda Oblast,Russia"",20982,RU,City,Active"
"9051460,Verkhnyaya Pyshma,""Verkhnyaya Pyshma,Sverdlovsk Oblast,Russia"",20970,RU,City,Active"
"9051461,Verkhnyaya Salda,""Verkhnyaya Salda,Sverdlovsk Oblast,Russia"",20970,RU,City,Active"
"9051462,Volokolamsk,""Volokolamsk,Moscow Oblast,Russia"",20949,RU,City,Active"
"9051463,Vsevolozhsk,""Vsevolozhsk,Leningrad Oblast,Russia"",20945,RU,City,Active"
"9051464,Yablonovsky,""Yablonovsky,Adygea,Russia"",21250,RU,City,Active"
"9051465,Yegoryevsk,""Yegoryevsk,Moscow Oblast,Russia"",20949,RU,City,Active"
"9051466,Yurga,""Yurga,Kemerovo Oblast,Russia"",20932,RU,City,Active"
"9051467,Zarechye,""Zarechye,Moscow Oblast,Russia"",20949,RU,City,Active"
"9051468,Zarechnyy,""Zarechnyy,Sverdlovsk Oblast,Russia"",20970,RU,City,Active"
"9051469,Zarinsk,""Zarinsk,Altai Krai,Russia"",21385,RU,City,Active"
"9051470,Zavolzhye,""Zavolzhye,Nizhny Novgorod Oblast,Russia"",20953,RU,City,Active"
"9051471,Zelenodolsk,""Zelenodolsk,Tatarstan,Russia"",20971,RU,City,Active"
"9051472,Zelenograd,""Zelenograd,Moscow,Russia"",20950,RU,City,Active"
"9051473,Zhigulyovsk,""Zhigulyovsk,Samara Oblast,Russia"",20965,RU,City,Active"
"9059995,Domodedovo Moscow Airport,""Domodedovo Moscow Airport,Moscow Oblast,Russia"",20949,RU,Airport,Active"
"9067760,Anadyr,""Anadyr,Chukotka Autonomous Okrug,Russia"",20924,RU,City,Active"
"9074851,Suponevo,""Suponevo,Moscow Oblast,Russia"",20949,RU,City,Active"
"9074852,Moldovka,""Moldovka,Krasnodar Krai,Russia"",20931,RU,City,Active"
"9074853,Bolshie Vyazyomy,""Bolshie Vyazyomy,Moscow Oblast,Russia"",20949,RU,City,Active"
"9074854,Lipitsy,""Lipitsy,Moscow Oblast,Russia"",20949,RU,City,Active"
"9074855,Lyskovo,""Lyskovo,Nizhny Novgorod Oblast,Russia"",20953,RU,City,Active"
"9074856,Petrovo-Dalneye,""Petrovo-Dalneye,Moscow Oblast,Russia"",20949,RU,City,Active"
"9074857,Sarapul,""Sarapul,Udmurt Republic,Russia"",20978,RU,City,Active"
"9074858,Bogolyubovo,""Bogolyubovo,Vladimir Oblast,Russia"",20981,RU,City,Active"
"9074859,Alburikent,""Alburikent,Dagestan Republic,Russia"",20925,RU,City,Active"
"9074860,Novotroitsk,""Novotroitsk,Orenburg Oblast,Russia"",20956,RU,City,Active"
"9074861,Kurovskoye,""Kurovskoye,Moscow Oblast,Russia"",20949,RU,City,Active"
"9074862,Kamensk-Shakhtinsky,""Kamensk-Shakhtinsky,Rostov Oblast,Russia"",20961,RU,City,Active"
"9074863,Shakhovskaya,""Shakhovskaya,Moscow Oblast,Russia"",20949,RU,City,Active"
"9074864,Vatutinki,""Vatutinki,Moscow Oblast,Russia"",20949,RU,City,Active"
"9074865,Solyanka,""Solyanka,Astrakhan Oblast,Russia"",20917,RU,City,Active"
"9074866,Berjosowka,""Berjosowka,Krasnoyarsk Krai,Russia"",20944,RU,City,Active"
"9074867,Staroe Melkovo,""Staroe Melkovo,Tver Oblast,Russia"",20976,RU,City,Active"
"9074868,Ust-Labinsk,""Ust-Labinsk,Krasnodar Krai,Russia"",20931,RU,City,Active"
"9074869,Kushchyovskaya,""Kushchyovskaya,Krasnodar Krai,Russia"",20931,RU,City,Active"
"9074870,Solnechnoye,""Solnechnoye,Saint Petersburg,Russia"",20968,RU,City,Active"
"9074871,Brokhovo,""Brokhovo,Moscow Oblast,Russia"",20949,RU,City,Active"
"9074872,Ruza,""Ruza,Moscow Oblast,Russia"",20949,RU,City,Active"
"9074873,Iskitim,""Iskitim,Novosibirsk Oblast,Russia"",20954,RU,City,Active"
"9074874,Vyazniki,""Vyazniki,Vladimir Oblast,Russia"",20981,RU,City,Active"

"9074876,Gudermes,""Gudermes,Chechnya,Russia"",21347,RU,City,Active"
"9074877,Elektrougli,""Elektrougli,Moscow Oblast,Russia"",20949,RU,City,Active"
"9074878,Kresttsy,""Kresttsy,Novgorod Oblast,Russia"",20952,RU,City,Active"
"9074879,Skolkovo Innovation Center,""Skolkovo Innovation Center,Moscow Oblast,Russia"",20949,RU,City,Active"
"9074880,Slavyansk-na-Kubani,""Slavyansk-na-Kubani,Krasnodar Krai,Russia"",20931,RU,City,Active"
"9074881,Novoshakhtinsk,""Novoshakhtinsk,Rostov Oblast,Russia"",20961,RU,City,Active"
"9074882,Gadzhiyevo,""Gadzhiyevo,Murmansk Oblast,Russia"",20951,RU,City,Active"
"9074883,Dagestanskiye Ogni,""Dagestanskiye Ogni,Dagestan Republic,Russia"",20925,RU,City,Active"
"9074884,Enem,""Enem,Adygea,Russia"",21250,RU,City,Active"
"9074885,Lesnyye Polyany,""Lesnyye Polyany,Moscow Oblast,Russia"",20949,RU,City,Active"
"9074886,Zavetni,""Zavetni,Krasnodar Krai,Russia"",20931,RU,City,Active"
"9074887,Belyaninovo,""Belyaninovo,Moscow Oblast,Russia"",20949,RU,City,Active"
"9074888,Bavly,""Bavly,Tatarstan,Russia"",20971,RU,City,Active"
"9074889,Shelekhov,""Shelekhov,Irkutsk Oblast,Russia"",20926,RU,City,Active"
"9074890,Poltavskaya,""Poltavskaya,Krasnodar Krai,Russia"",20931,RU,City,Active"
"9074891,Afipsky,""Afipsky,Krasnodar Krai,Russia"",20931,RU,City,Active"
"9074892,Uzlovaya,""Uzlovaya,Tula Oblast,Russia"",20975,RU,City,Active"
"9074893,Semibratovo,""Semibratovo,Yaroslavl Oblast,Russia"",20985,RU,City,Active"
"9074894,Belaya Kalitva,""Belaya Kalitva,Rostov Oblast,Russia"",20961,RU,City,Active"

"9074896,Sadovyy,""Sadovyy,Novosibirsk Oblast,Russia"",20954,RU,City,Active"
"9074897,Chistopol,""Chistopol,Tatarstan,Russia"",20971,RU,City,Active"
"9074898,Tyarlevo,""Tyarlevo,Saint Petersburg,Russia"",20968,RU,City,Active"
"9074899,Kosherovo,""Kosherovo,Moscow Oblast,Russia"",20949,RU,City,Active"
"9074900,Myaglovo,""Myaglovo,Leningrad Oblast,Russia"",20945,RU,City,Active"
"9074901,Ruzayevka,""Ruzayevka,Mordovia,Russia"",20948,RU,City,Active"

"9074903,Korenovsk,""Korenovsk,Krasnodar Krai,Russia"",20931,RU,City,Active"
"9074904,Znamenskiy,""Znamenskiy,Krasnodar Krai,Russia"",20931,RU,City,Active"
"9074905,Labinsk,""Labinsk,Krasnodar Krai,Russia"",20931,RU,City,Active"
"9074906,Kratovo,""Kratovo,Moscow Oblast,Russia"",20949,RU,City,Active"
"9074907,Trudovaya,""Trudovaya,Moscow Oblast,Russia"",20949,RU,City,Active"
"9074908,Balakhna,""Balakhna,Nizhny Novgorod Oblast,Russia"",20953,RU,City,Active"
"9074909,Srednyaya Akhtuba,""Srednyaya Akhtuba,Volgograd Oblast,Russia"",20980,RU,City,Active"
"9074910,Lauth,""Lauth,Kaliningrad Oblast,Russia"",20933,RU,City,Active"
"9074911,Salsk,""Salsk,Rostov Oblast,Russia"",20961,RU,City,Active"
"9074912,Borisoglebsk,""Borisoglebsk,Voronezh Oblast,Russia"",20983,RU,City,Active"
"9074913,Pesochny,""Pesochny,Saint Petersburg,Russia"",20968,RU,City,Active"
"9074914,Big Verevo,""Big Verevo,Leningrad Oblast,Russia"",20945,RU,City,Active"
"9074915,Ladozhskaya,""Ladozhskaya,Krasnodar Krai,Russia"",20931,RU,City,Active"
"9074916,Possata,""Possata,Leningrad Oblast,Russia"",20945,RU,City,Active"
"9074917,Doskino,""Doskino,Nizhny Novgorod Oblast,Russia"",20953,RU,City,Active"
"9074918,Zavidovo,""Zavidovo,Tver Oblast,Russia"",20976,RU,City,Active"
"9074919,Lyuban,""Lyuban,Leningrad Oblast,Russia"",20945,RU,City,Active"
"9074920,Menzelinsk,""Menzelinsk,Tatarstan,Russia"",20971,RU,City,Active"

"9074922,Aksay,""Aksay,Rostov Oblast,Russia"",20961,RU,City,Active"

"9074924,Alexandrovskaya,""Alexandrovskaya,Saint Petersburg,Russia"",20968,RU,City,Active"
"9074925,Kabanovo,""Kabanovo,Moscow Oblast,Russia"",20949,RU,City,Active"
"9074926,Beloyarsky,""Beloyarsky,Sverdlovsk Oblast,Russia"",20970,RU,City,Active"
"9074927,Semender,""Semender,Dagestan Republic,Russia"",20925,RU,City,Active"
"9074928,Rossosh,""Rossosh,Voronezh Oblast,Russia"",20983,RU,City,Active"
"9074929,Chashnikovo,""Chashnikovo,Moscow Oblast,Russia"",20949,RU,City,Active"

"9074931,Ul'yanovka,""Ul'yanovka,Leningrad Oblast,Russia"",20945,RU,City,Active"
"9074932,Bryukhovetskaya,""Bryukhovetskaya,Krasnodar Krai,Russia"",20931,RU,City,Active"
"9074933,Estosadok,""Estosadok,Krasnodar Krai,Russia"",20931,RU,City,Active"

"9074935,Gorodishche,""Gorodishche,Volgograd Oblast,Russia"",20980,RU,City,Active"
"9074936,Novoye Devyatkino,""Novoye Devyatkino,Leningrad Oblast,Russia"",20945,RU,City,Active"
"9074937,Razmetelevo,""Razmetelevo,Leningrad Oblast,Russia"",20945,RU,City,Active"
"9074938,Tsivilsk,""Tsivilsk,Chuvashia Republic,Russia"",21348,RU,City,Active"
"9074939,Trudobelikovski,""Trudobelikovski,Krasnodar Krai,Russia"",20931,RU,City,Active"
"9074940,Vyshny Volochyok,""Vyshny Volochyok,Tver Oblast,Russia"",20976,RU,City,Active"

"9074942,Pyra,""Pyra,Nizhny Novgorod Oblast,Russia"",20953,RU,City,Active"
"9074943,Bulatnikovo,""Bulatnikovo,Moscow Oblast,Russia"",20949,RU,City,Active"

"9074945,Mikhaylovka,""Mikhaylovka,Volgograd Oblast,Russia"",20980,RU,City,Active"
"9074946,Polysayevo,""Polysayevo,Kemerovo Oblast,Russia"",20932,RU,City,Active"
"9074947,Kizilyurt,""Kizilyurt,Dagestan Republic,Russia"",20925,RU,City,Active"
"9074948,Kokoshkino,""Kokoshkino,Moscow Oblast,Russia"",20949,RU,City,Active"
"9074949,Starokorsunskaya,""Starokorsunskaya,Krasnodar Krai,Russia"",20931,RU,City,Active"
"9074950,Petrovskoye,""Petrovskoye,Yaroslavl Oblast,Russia"",20985,RU,City,Active"
"9074951,Povarovo,""Povarovo,Moscow Oblast,Russia"",20949,RU,City,Active"
"9074952,Vesyoloye,""Vesyoloye,Krasnodar Krai,Russia"",20931,RU,City,Active"
"9074953,Yalutorovsk,""Yalutorovsk,Tyumen Oblast,Russia"",20977,RU,City,Active"
"9074954,Yuzhnyy,""Yuzhnyy,Krasnodar Krai,Russia"",20931,RU,City,Active"
"9074955,Barvikha,""Barvikha,Moscow Oblast,Russia"",20949,RU,City,Active"
"9074956,Trudovoye,""Trudovoye,Primorsky Krai,Russia"",20959,RU,City,Active"
"9074957,Kizlyar,""Kizlyar,Dagestan Republic,Russia"",20925,RU,City,Active"
"9074958,Zubova Polyana,""Zubova Polyana,Mordovia,Russia"",20948,RU,City,Active"
"9074959,Plastunowskaja,""Plastunowskaja,Krasnodar Krai,Russia"",20931,RU,City,Active"
"9074960,Vereya,""Vereya,Moscow Oblast,Russia"",20949,RU,City,Active"

"9074962,Gorokhovets,""Gorokhovets,Vladimir Oblast,Russia"",20981,RU,City,Active"
"9074963,Elektrogorsk,""Elektrogorsk,Moscow Oblast,Russia"",20949,RU,City,Active"
"9074964,Argun,""Argun,Chechnya,Russia"",21347,RU,City,Active"
"9074965,Chegem,""Chegem,Kabardino-Balkaria,Russia"",20929,RU,City,Active"
"9074966,Kanash,""Kanash,Chuvashia Republic,Russia"",21348,RU,City,Active"
"9074967,Aleksandrovskaya,""Aleksandrovskaya,Saint Petersburg,Russia"",20968,RU,City,Active"
"9074968,Seversk,""Seversk,Tomsk Oblast,Russia"",20974,RU,City,Active"
"9074969,Spasskaja Polist,""Spasskaja Polist,Novgorod Oblast,Russia"",20952,RU,City,Active"

"9074971,Yakhroma,""Yakhroma,Moscow Oblast,Russia"",20949,RU,City,Active"
"9074972,Sosnovoborsk,""Sosnovoborsk,Krasnoyarsk Krai,Russia"",20944,RU,City,Active"
"9074973,Likino-Dulyovo,""Likino-Dulyovo,Moscow Oblast,Russia"",20949,RU,City,Active"

"9074975,Kungur,""Kungur,Perm Krai,Russia"",20957,RU,City,Active"
"9074976,Alabino,""Alabino,Moscow Oblast,Russia"",20949,RU,City,Active"
"9074977,Radchenko,""Radchenko,Tver Oblast,Russia"",20976,RU,City,Active"
"9074978,Kanevskaya,""Kanevskaya,Krasnodar Krai,Russia"",20931,RU,City,Active"
"9074979,Vyazma,""Vyazma,Smolensk Oblast,Russia"",20967,RU,City,Active"

"9074981,Prokhladny,""Prokhladny,Kabardino-Balkaria,Russia"",20929,RU,City,Active"
"9074982,Pavlovo,""Pavlovo,Nizhny Novgorod Oblast,Russia"",20953,RU,City,Active"
"9074983,Temryuk,""Temryuk,Krasnodar Krai,Russia"",20931,RU,City,Active"
"9074984,Torzhok,""Torzhok,Tver Oblast,Russia"",20976,RU,City,Active"
"9074985,Goryachevodsky,""Goryachevodsky,Stavropol Krai,Russia"",20969,RU,City,Active"
"9074986,Beslan,""Beslan,North Ossetia–Alania,Russia"",21252,RU,City,Active"
"9074987,Urus-Martan,""Urus-Martan,Chechnya,Russia"",21347,RU,City,Active"
"9074988,Frolovo,""Frolovo,Volgograd Oblast,Russia"",20980,RU,City,Active"
"9074989,Otradny,""Otradny,Samara Oblast,Russia"",20965,RU,City,Active"
"9074990,Tuchkovo,""Tuchkovo,Moscow Oblast,Russia"",20949,RU,City,Active"
"9074991,Ropsha,""Ropsha,Leningrad Oblast,Russia"",20945,RU,City,Active"
"9074992,Krasnyy Yar,""Krasnyy Yar,Samara Oblast,Russia"",20965,RU,City,Active"
"9074993,Rodniki,""Rodniki,Moscow Oblast,Russia"",20949,RU,City,Active"
"9074994,Meleuz,""Meleuz,Republic of Bashkortostan,Russia"",20918,RU,City,Active"
"9074995,Aramil,""Aramil,Sverdlovsk Oblast,Russia"",20970,RU,City,Active"
"9074996,Kugesi,""Kugesi,Chuvashia Republic,Russia"",21348,RU,City,Active"
"9074997,Alexeyevskoye,""Alexeyevskoye,Tatarstan,Russia"",20971,RU,City,Active"

"9074999,Bykovo,""Bykovo,Moscow Oblast,Russia"",20949,RU,City,Active"
"9075000,Lisy Nos,""Lisy Nos,Saint Petersburg,Russia"",20968,RU,City,Active"
"9075001,Shchyokino,""Shchyokino,Tula Oblast,Russia"",20975,RU,City,Active"
"9075002,Agoi,""Agoi,Krasnodar Krai,Russia"",20931,RU,City,Active"
"9075003,Samarskoye,""Samarskoye,Rostov Oblast,Russia"",20961,RU,City,Active"
"9075004,Chusovoy,""Chusovoy,Perm Krai,Russia"",20957,RU,City,Active"
"9075005,Bologoye,""Bologoye,Tver Oblast,Russia"",20976,RU,City,Active"
"9075006,Gorodnya,""Gorodnya,Tver Oblast,Russia"",20976,RU,City,Active"
"9075007,Asbest,""Asbest,Sverdlovsk Oblast,Russia"",20970,RU,City,Active"
"9075008,Gaiduk,""Gaiduk,Krasnodar Krai,Russia"",20931,RU,City,Active"
"9075009,Perekatni,""Perekatni,Adygea,Russia"",21250,RU,City,Active"
"9075010,Lozhki,""Lozhki,Moscow Oblast,Russia"",20949,RU,City,Active"
"9075011,Koloksha,""Koloksha,Vladimir Oblast,Russia"",20981,RU,City,Active"
"9075012,Korzhevskiy,""Korzhevskiy,Krasnodar Krai,Russia"",20931,RU,City,Active"
"9075013,Yedrovo,""Yedrovo,Novgorod Oblast,Russia"",20952,RU,City,Active"
"9075014,Trubnikov Bor,""Trubnikov Bor,Leningrad Oblast,Russia"",20945,RU,City,Active"
"9075015,Nizhnebakanskaya,""Nizhnebakanskaya,Krasnodar Krai,Russia"",20931,RU,City,Active"

"9075017,Osinovo,""Osinovo,Tatarstan,Russia"",20971,RU,City,Active"

"9075019,Cernomorskij,""Cernomorskij,Krasnodar Krai,Russia"",20931,RU,City,Active"

"9075021,Perkhushkovo,""Perkhushkovo,Moscow Oblast,Russia"",20949,RU,City,Active"


"9075024,Sverdlovskij,""Sverdlovskij,Moscow Oblast,Russia"",20949,RU,City,Active"




"9075029,Yamkino,""Yamkino,Moscow Oblast,Russia"",20949,RU,City,Active"
"9075030,Biokombinata,""Biokombinata,Moscow Oblast,Russia"",20949,RU,City,Active"
"9075031,Lenina,""Lenina,Krasnodar Krai,Russia"",20931,RU,City,Active"
"9075032,Kalininec,""Kalininec,Moscow Oblast,Russia"",20949,RU,City,Active"
"9075033,Vyalki,""Vyalki,Moscow Oblast,Russia"",20949,RU,City,Active"

"9075035,Vrachovo,""Vrachovo,Moscow Oblast,Russia"",20949,RU,City,Active"

"9075037,Vasil'kovo,""Vasil'kovo,Kaliningrad Oblast,Russia"",20933,RU,City,Active"
"9075038,Solontsy,""Solontsy,Krasnoyarsk Krai,Russia"",20944,RU,City,Active"
"9075039,Zaoserednyye Sady,""Zaoserednyye Sady,Voronezh Oblast,Russia"",20983,RU,City,Active"

"9075041,Prikubanski,""Prikubanski,Adygea,Russia"",21250,RU,City,Active"

"9075043,Boltino,""Boltino,Moscow Oblast,Russia"",20949,RU,City,Active"
"9075044,Beloozyorskiy,""Beloozyorskiy,Moscow Oblast,Russia"",20949,RU,City,Active"



"9075048,Salukokoasche,""Salukokoasche,Kabardino-Balkaria,Russia"",20929,RU,City,Active"
"9075049,Ermolino,""Ermolino,Moscow Oblast,Russia"",20949,RU,City,Active"


"9075052,Gzhel,""Gzhel,Moscow Oblast,Russia"",20949,RU,City,Active"
"9075053,Zagorjanskij,""Zagorjanskij,Moscow Oblast,Russia"",20949,RU,City,Active"





"9075059,Olguinka,""Olguinka,Krasnodar Krai,Russia"",20931,RU,City,Active"
"9075060,Stepnoe,""Stepnoe,Krasnodar Krai,Russia"",20931,RU,City,Active"

"9075062,Novotitarovskaya,""Novotitarovskaya,Krasnodar Krai,Russia"",20931,RU,City,Active"



"9075066,Emmaus,""Emmaus,Tver Oblast,Russia"",20976,RU,City,Active"


"9075069,Novomichajlovskij,""Novomichajlovskij,Krasnodar Krai,Russia"",20931,RU,City,Active"
"9075070,Dudkino,""Dudkino,Moscow Oblast,Russia"",20949,RU,City,Active"
"9075071,Maloye Karlino,""Maloye Karlino,Leningrad Oblast,Russia"",20945,RU,City,Active"


"9075074,Aristovo,""Aristovo,Moscow Oblast,Russia"",20949,RU,City,Active"
"9075075,Marushkino,""Marushkino,Moscow Oblast,Russia"",20949,RU,City,Active"

"9075077,Yudino,""Yudino,Moscow Oblast,Russia"",20949,RU,City,Active"

"9075079,Bugry,""Bugry,Leningrad Oblast,Russia"",20945,RU,City,Active"
"9075080,Podberez'ye,""Podberez'ye,Novgorod Oblast,Russia"",20952,RU,City,Active"
"9075081,Elitnyy,""Elitnyy,Novosibirsk Oblast,Russia"",20954,RU,City,Active"
"9075082,Verjnebakanski,""Verjnebakanski,Krasnodar Krai,Russia"",20931,RU,City,Active"
"9075083,Cerkizovo,""Cerkizovo,Moscow Oblast,Russia"",20949,RU,City,Active"
"9075084,Spas-Zaulok,""Spas-Zaulok,Moscow Oblast,Russia"",20949,RU,City,Active"

"9075086,Dorozhnyy,""Dorozhnyy,Rostov Oblast,Russia"",20961,RU,City,Active"

"9075088,Jemeljanowo,""Jemeljanowo,Krasnoyarsk Krai,Russia"",20944,RU,City,Active"

"9075090,Voronezhskaya,""Voronezhskaya,Krasnodar Krai,Russia"",20931,RU,City,Active"
"9075091,Zarechny,""Zarechny,Buryatia,Russia"",20921,RU,City,Active"

"9075093,Neklyudovo,""Neklyudovo,Nizhny Novgorod Oblast,Russia"",20953,RU,City,Active"

"9075095,Reshety,""Reshety,Sverdlovsk Oblast,Russia"",20970,RU,City,Active"
"9075096,Zhukovka,""Zhukovka,Moscow Oblast,Russia"",20949,RU,City,Active"
"9075097,Starnikovo,""Starnikovo,Moscow Oblast,Russia"",20949,RU,City,Active"

"9075099,Tregubovo,""Tregubovo,Novgorod Oblast,Russia"",20952,RU,City,Active"


"9075102,Bol'shiye Karachury,""Bol'shiye Karachury,Chuvashia Republic,Russia"",21348,RU,City,Active"
"9075103,Vysokovo,""Vysokovo,Moscow Oblast,Russia"",20949,RU,City,Active"
"9075104,Zhuravskaya,""Zhuravskaya,Krasnodar Krai,Russia"",20931,RU,City,Active"
"9075105,Novaya Adygueya,""Novaya Adygueya,Adygea,Russia"",21250,RU,City,Active"

"9075107,Industrial'nyy,""Industrial'nyy,Krasnodar Krai,Russia"",20931,RU,City,Active"


"9075110,Novoukrainskoye,""Novoukrainskoye,Krasnodar Krai,Russia"",20931,RU,City,Active"

"9075112,Vladimirovka,""Vladimirovka,Krasnodar Krai,Russia"",20931,RU,City,Active"

"9075114,Pravdinskiy,""Pravdinskiy,Moscow Oblast,Russia"",20949,RU,City,Active"
"9075115,Dubovoe,""Dubovoe,Belgorod Oblast,Russia"",20919,RU,City,Active"

"9075117,Ivanovskaya,""Ivanovskaya,Krasnodar Krai,Russia"",20931,RU,City,Active"
"9075118,Andreyevka,""Andreyevka,Moscow Oblast,Russia"",20949,RU,City,Active"
"9075119,Chulkovo,""Chulkovo,Moscow Oblast,Russia"",20949,RU,City,Active"
"9075120,Lesnoy Gorodok,""Lesnoy Gorodok,Moscow Oblast,Russia"",20949,RU,City,Active"
"9075121,Barabanovo,""Barabanovo,Moscow Oblast,Russia"",20949,RU,City,Active"
"9075122,Staryye Petushki,""Staryye Petushki,Vladimir Oblast,Russia"",20981,RU,City,Active"
"9075123,Studenyy,""Studenyy,Tula Oblast,Russia"",20975,RU,City,Active"
"9075124,Novoivanovskoye,""Novoivanovskoye,Moscow Oblast,Russia"",20949,RU,City,Active"
"9075125,Znamya Oktyabrya,""Znamya Oktyabrya,Moscow Oblast,Russia"",20949,RU,City,Active"
"9075126,Gol'yevo,""Gol'yevo,Moscow Oblast,Russia"",20949,RU,City,Active"
"9075127,Levyy Bereg,""Levyy Bereg,Buryatia,Russia"",20921,RU,City,Active"
"9075128,Medvezh'i Ozera,""Medvezh'i Ozera,Moscow Oblast,Russia"",20949,RU,City,Active"
